role_id,reference_user_id
BackendDeveloper-Role,demo-backend-dev
APIDeveloper-Role,demo-backend-dev
FrontendDeveloper-Role,demo-backend-dev
DataAnalyst-Role,demo-data-analyst
DataEngineer-Role,demo-data-analyst
DataScientist-Role,demo-data-analyst
CloudDataArchitect-Role,demo-data-analyst
ResearchScientist-Role,demo-data-analyst
ProductAnalyst-Role,demo-data-analyst
DevOpsEngineer-Role,demo-devops
CloudEngineer-Role,demo-devops
SecurityEngineer-Role,demo-devops
IAMAdministrator-Role,demo-devops
DatabaseAdministrator-Role,demo-devops
SRE-Role,demo-devops
SecurityAnalyst-Role,demo-devops
ApplicationSupport-Role,demo-devops
PlatformEngineer-Role,demo-devops
MLPlatformEngineer-Role,demo-devops
MLEngineer-Role,demo-developer