threshold,precision,recall,f1
0.05,0.7303762192289828,0.9828125,0.8379962696509459
0.055,0.7399388091315604,0.9825,0.8441401530406766
0.06,0.7497612225405922,0.98125,0.8500270709258256
0.065,0.7604848484848484,0.9803125,0.856518771331058
0.07,0.7695897813804962,0.9790625,0.8617796726722596
0.075,0.7775018624286069,0.9784375,0.8664729486647295
0.08,0.7842105263157895,0.9778125,0.870375521557719
0.085,0.791497975708502,0.9775,0.8747203579418344
0.09,0.7982635342185904,0.976875,0.8785834738617201
0.095,0.8023106546854942,0.9765625,0.8809020436927414
0.1,0.8072943610967408,0.9753125,0.8833852250212284
0.105,0.8124022928608651,0.974375,0.8860471724921852
0.11,0.8157068062827225,0.97375,0.8877492877492877
0.115,0.8210332103321033,0.9734375,0.8907635115813555
0.12,0.8255104746751525,0.9728125,0.8931286759431932
0.125,0.8310612135792569,0.9715625,0.8958363348220717
0.13,0.833870101986044,0.9709375,0.8971989604389258
0.135,0.837334772052873,0.97,0.8987983205443753
0.14,0.8409645082633432,0.97,0.9008852125961399
0.145,0.8444141689373297,0.9684375,0.9021834061135371
0.15,0.8465955701394585,0.9675,0.9030188128919352
0.155,0.8487510293713972,0.96625,0.903697208826538
0.16,0.8504132231404958,0.9646875,0.9039531478770132
0.165,0.8526810392482034,0.9640625,0.9049574655324142
0.17,0.8551973318510283,0.9615625,0.9052662547808179
0.175,0.8581797878280291,0.960625,0.9065172515482158
0.18,0.8611890072910825,0.9596875,0.9077741649423589
0.185,0.863700366094058,0.9584375,0.9086061324248259
0.19,0.8655367231638418,0.9575,0.9091988130563798
0.195,0.8672140430351076,0.9571875,0.9099821746880571
0.2,0.8687127024722933,0.9553125,0.9099568388152999
0.205,0.8712899543378996,0.9540625,0.910799522673031
0.21,0.8720663995420721,0.9521875,0.910367493277562
0.215,0.8735302552337253,0.951875,0.9110213847764319
0.22,0.8749640701350963,0.95125,0.9115136996556371
0.225,0.8777040669166426,0.9509375,0.9128543572821359
0.23,0.8801389693109438,0.95,0.9137360985873159
0.235,0.8816362053959965,0.9496875,0.9143974725440048
0.24,0.8832945285215367,0.9484375,0.9147076552139843
0.245,0.8862905583162818,0.9475,0.9158737350853345
0.25,0.8866764275256223,0.94625,0.9154950869236583
0.255,0.8879436784980933,0.9459375,0.9160236041761235
0.26,0.889967637540453,0.9453125,0.9168055766025155
0.265,0.8916765053128689,0.9440625,0.9171220400728597
0.27,0.8939259259259259,0.9428125,0.9177186311787072
0.275,0.8954558954558954,0.9421875,0.918227501142074
0.28,0.896993152724025,0.9415625,0.9187376124409209
0.285,0.8987757539564049,0.940625,0.9192243090548176
0.29,0.8998205741626795,0.9403125,0.9196210268948656
0.295,0.9005988023952096,0.94,0.9198776758409786
0.3,0.9016786570743405,0.94,0.9204406364749081
0.305,0.903003003003003,0.9396875,0.9209800918836141
0.31,0.9043609022556391,0.9396875,0.9216858237547892
0.315,0.9048479373682625,0.9390625,0.9216377856157031
0.32,0.9059107358262968,0.93875,0.9220380601596071
0.325,0.9063726970703715,0.9378125,0.9218246045154355
0.33,0.9070823244552058,0.9365625,0.9215867158671587
0.335,0.9089529590288316,0.9359375,0.922247882986913
0.34,0.9097538742023701,0.935625,0.9225080881220151
0.345,0.9111381618989653,0.935625,0.9232192414431082
0.35,0.9110840438489647,0.935,0.9228871067242443
0.355,0.9124198962465669,0.934375,0.9232669445731049
0.36,0.9134821155609906,0.93375,0.9235048678720446
0.365,0.9151348039215687,0.9334375,0.9241955445544554
0.37,0.9159509202453988,0.933125,0.9244582043343653
0.375,0.9161805342339576,0.9325,0.9242682360229209
0.38,0.9169486311904029,0.9315625,0.9241977987908851
0.385,0.9173859432799013,0.93,0.9236499068901304
0.39,0.9181846248842235,0.929375,0.9237459232800124
0.395,0.9186765615337044,0.9284375,0.9235312402859808
0.4,0.9195046439628483,0.928125,0.9237947122861586
0.405,0.9197894084855992,0.928125,0.9239384041063929
0.41,0.9205955334987593,0.9275,0.9240348692403487
0.415,0.9213797389683033,0.9265625,0.9239638516671861
0.42,0.9215930304915992,0.925625,0.9236046149048955
0.425,0.9220941103147398,0.9246875,0.9233889842409112
0.43,0.9226450405489707,0.924375,0.9235092101155167
0.435,0.9231730168644597,0.92375,0.9234614183067791
0.44,0.9236784485455114,0.9228125,0.9232452712208848
0.445,0.9238483234095894,0.92125,0.9225473321858864
0.45,0.9246940696579856,0.9209375,0.922811961797401
0.455,0.9252042740414833,0.92,0.9225947978690066
0.46,0.9252042740414833,0.92,0.9225947978690066
0.465,0.9263224181360201,0.919375,0.9228356336260979
0.47,0.9269061121613107,0.919375,0.9231251961091936
0.475,0.928842504743833,0.9178125,0.9232945614586608
0.48,0.9308594988899461,0.9171875,0.9239729261766094
0.485,0.9326128417037508,0.916875,0.9246769618657422
0.49,0.9334182860783689,0.915625,0.9244360309197034
0.495,0.9342483242898181,0.9146875,0.9243644402336965
0.5,0.9354426334292106,0.9146875,0.9249486490756834
0.505,0.9365587952579302,0.9134375,0.9248536623951906
0.51,0.9373795761078998,0.9121875,0.9246119733924612
0.515,0.9379620700739312,0.911875,0.9247345903977182
0.52,0.9379221614667096,0.91125,0.9243937232524965
0.525,0.9384268214055448,0.9096875,0.9238337035861631
0.53,0.9387096774193548,0.909375,0.9238095238095239
0.535,0.9395604395604396,0.9084375,0.9237368922783603
0.54,0.9400712666018789,0.906875,0.9231748051534914
0.545,0.9403565640194489,0.9065625,0.9231503579952267
0.55,0.9406037000973709,0.905625,0.9227829963381627
0.555,0.9418075422626788,0.9053125,0.9231994901210963
0.56,0.9423828125,0.9046875,0.9231505102040817
0.565,0.9432670361917183,0.9040625,0.9232487633636509
0.57,0.9440993788819876,0.9025,0.9228311231826171
0.575,0.9449180327868852,0.900625,0.92224
0.58,0.9458483754512635,0.900625,0.9226828877861374
0.585,0.9463992107859257,0.899375,0.9222880948565935
0.59,0.9472990777338604,0.89875,0.9223861449647209
0.595,0.9484638255698712,0.8971875,0.9221133772281997
0.6,0.9490572279192855,0.8965625,0.9220633135143821
0.605,0.9499336870026526,0.8953125,0.9218146718146718
0.61,0.9511465603190429,0.894375,0.9218875825414721
0.615,0.9513981358189081,0.893125,0.9213410702772404
0.62,0.9523015343562375,0.8921875,0.9212649241690868
0.625,0.9528743315508021,0.8909375,0.9208656330749354
0.63,0.9531302310010044,0.8896875,0.9203167932762243
0.635,0.9537223340040242,0.88875,0.9200905855710126
0.64,0.9546827794561934,0.88875,0.9205373037708368
0.645,0.9548365352207617,0.8853125,0.9187611480460516
0.65,0.9551130610867364,0.884375,0.9183839039428849
0.655,0.9557133198106829,0.8834375,0.9181552452094836
0.66,0.956668923493568,0.883125,0.9184270393240169
0.665,0.9579375848032564,0.8825,0.9186727391021471
0.67,0.957909029192125,0.881875,0.9183208590953466
0.675,0.9578804347826086,0.88125,0.91796875
0.68,0.9580919931856899,0.87875,0.9167074164629176
0.685,0.9589603283173734,0.87625,0.9157413455258001
0.69,0.9592186429061,0.8746875,0.9150049035632559
0.695,0.9591766723842196,0.87375,0.9144726083401472
0.7,0.9594501718213059,0.8725,0.913911620294599
0.705,0.9597661623108665,0.8721875,0.9138834315651605
0.71,0.9597246127366609,0.87125,0.9133497133497134
0.715,0.9599447513812155,0.86875,0.9120734908136483
0.72,0.9602351313969572,0.8678125,0.9116874589625739
0.725,0.9612054035330794,0.8671875,0.9117792015771315
0.73,0.9611919611919612,0.866875,0.9116003943476833
0.735,0.9611380985426787,0.865625,0.9108845774416311
0.74,0.9610840861709521,0.864375,0.910167818361303
0.745,0.9613778705636743,0.8634375,0.9097793875535067
0.75,0.9616858237547893,0.8628125,0.90957008730028
0.755,0.9629629629629629,0.86125,0.9092708677004289
0.76,0.963547143357869,0.8590625,0.9083099289608458
0.765,0.9644991212653778,0.8575,0.9078577336641853
0.77,0.966113660430639,0.8553125,0.9073429471241505
0.775,0.9670563230605739,0.853125,0.9065249875477337
0.78,0.967627178939879,0.85,0.9050074862751623
0.785,0.9682483053870853,0.848125,0.9042145593869731
0.79,0.968503937007874,0.845625,0.9029029029029029
0.795,0.9687948350071736,0.8440625,0.9021376085504342
0.8,0.9687387711103126,0.8425,0.9012201236837707
0.805,0.9700900900900901,0.84125,0.9010878661087867
0.81,0.9707158351409978,0.8390625,0.9001005698960778
0.815,0.9712518195050946,0.8340625,0.8974445191661062
0.82,0.9715432323969354,0.8321875,0.8964820737249621
0.825,0.9724467303453344,0.8271875,0.8939547450185749
0.83,0.9741315594974131,0.82375,0.89265154080596
0.835,0.9747493501670998,0.8203125,0.8908874936365179
0.84,0.9754006708907939,0.8178125,0.8896821349651538
0.845,0.9760658189977561,0.815625,0.8886618998978549
0.85,0.9763690922730682,0.8134375,0.8874872144561882
0.855,0.9770158251695554,0.8103125,0.8858899897505979
0.86,0.978030303030303,0.806875,0.8842465753424658
0.865,0.9798172124904798,0.8040625,0.8832818400274631
0.87,0.9801450935471554,0.8021875,0.8822821790685684
0.875,0.9807840122982321,0.7975,0.8796966563254051
0.88,0.98145285935085,0.79375,0.8776779543883898
0.885,0.9817120622568093,0.7884375,0.8745233968804159
0.89,0.9831570701135919,0.784375,0.8725882148444289
0.895,0.9841959699723429,0.7784375,0.869307276217065
0.9,0.9848605577689243,0.7725,0.8658493870402802
0.905,0.9855479727017262,0.7671875,0.862765770514848
0.91,0.9866342648845686,0.76125,0.8594108308343623
0.915,0.9869334422213148,0.7553125,0.8557266772880155
0.92,0.9872375463153561,0.749375,0.852016343933203
0.925,0.9891936824605154,0.74375,0.8490902604352479
0.93,0.9903442485306465,0.7371875,0.8452167681834468
0.935,0.9915002124946877,0.7290625,0.8402665226003961
0.94,0.9922513990529488,0.7203125,0.8346912909650552
0.945,0.9934754240974336,0.71375,0.8306964902709584
0.95,0.9937943262411347,0.700625,0.8218475073313783
