recommendation_id,user_id,role_id,action,resource,risk_score,risk_weight,risk_level,prediction,recommendation,reason_codes,explanation,model_version,generated_at
REC-3AB0D7C20DF84E9C,arn:aws:iam::713362557040:user/demo-backend-dev,demo-role,account:GetAccountInformation,nan,0.376932,,,INTENDED,KEEP,"[""HIGH_FAILURE_RATE"", ""WILDCARD_RESOURCE""]",Permission 'account:GetAccountInformation' on 'account' has a risk score of 0.38. High failure rate detected -- permission may not be needed. Wildcard resource scope increases blast radius. Recommendation: Permission appears justified; no immediate action required.,iam_permission_model_v2_final_20260924,2026-10-02T17:25:20Z
REC-61F8292E6BA2BB27,arn:aws:iam::713362557040:user/demo-backend-dev,demo-role,ce:GetCostAndUsage,nan,0.353149,,,INTENDED,KEEP,"[""VERY_LOW_USAGE"", ""HIGH_FAILURE_RATE"", ""WILDCARD_RESOURCE""]",Permission 'ce:GetCostAndUsage' on 'ce' has a risk score of 0.35. This permission has been used only 2 time(s). High failure rate detected -- permission may not be needed. Wildcard resource scope increases blast radius. Recommendation: Permission appears justified; no immediate action required.,iam_permission_model_v2_final_20260924,2026-10-02T17:25:20Z
REC-1218C657258F7BC4,arn:aws:iam::713362557040:user/demo-backend-dev,demo-role,ce:GetCostForecast,nan,0.588308,,,EXCESSIVE,REVIEW,"[""VERY_LOW_USAGE"", ""HIGH_FAILURE_RATE"", ""WILDCARD_RESOURCE""]",Permission 'ce:GetCostForecast' on 'ce' has a risk score of 0.59. This permission has been used only 1 time(s). High failure rate detected -- permission may not be needed. Wildcard resource scope increases blast radius. Recommendation: Flag for administrator review.,iam_permission_model_v2_final_20260924,2026-10-02T17:25:20Z
REC-594CE10BE7B74116,arn:aws:iam::713362557040:user/demo-backend-dev,demo-role,cost-optimization-hub:ListEnrollmentStatuses,nan,0.57677,,,EXCESSIVE,REVIEW,"[""VERY_LOW_USAGE"", ""HIGH_FAILURE_RATE"", ""WILDCARD_RESOURCE""]",Permission 'cost-optimization-hub:ListEnrollmentStatuses' on 'cost-optimization-hub' has a risk score of 0.58. This permission has been used only 1 time(s). High failure rate detected -- permission may not be needed. Wildcard resource scope increases blast radius. Recommendation: Flag for administrator review.,iam_permission_model_v2_final_20260924,2026-10-02T17:25:20Z
REC-AAB461A8D3C00B6A,arn:aws:iam::713362557040:user/demo-backend-dev,demo-role,freetier:GetAccountPlanState,nan,0.376932,,,INTENDED,KEEP,"[""HIGH_FAILURE_RATE"", ""WILDCARD_RESOURCE""]",Permission 'freetier:GetAccountPlanState' on 'freetier' has a risk score of 0.38. High failure rate detected -- permission may not be needed. Wildcard resource scope increases blast radius. Recommendation: Permission appears justified; no immediate action required.,iam_permission_model_v2_final_20260924,2026-10-02T17:25:20Z
REC-5E1A00F10D789DFE,arn:aws:iam::713362557040:user/demo-backend-dev,demo-role,health:DescribeEventAggregates,nan,0.281443,,,INTENDED,KEEP,"[""HIGH_FAILURE_RATE"", ""WILDCARD_RESOURCE""]",Permission 'health:DescribeEventAggregates' on 'health' has a risk score of 0.28. High failure rate detected -- permission may not be needed. Wildcard resource scope increases blast radius. Recommendation: Permission appears justified; no immediate action required.,iam_permission_model_v2_final_20260924,2026-10-02T17:25:20Z
REC-AAE5A1B296966A3F,arn:aws:iam::713362557040:user/demo-backend-dev,demo-role,notifications:ListManagedNotificationEvents,nan,0.403731,,,INTENDED,REVIEW,"[""HIGH_FAILURE_RATE"", ""WILDCARD_RESOURCE""]",Permission 'notifications:ListManagedNotificationEvents' on 'notifications' has a risk score of 0.40. High failure rate detected -- permission may not be needed. Wildcard resource scope increases blast radius. Recommendation: Flag for administrator review.,iam_permission_model_v2_final_20260924,2026-10-02T17:25:20Z
REC-457BC9E9E8C6744D,arn:aws:iam::713362557040:user/demo-backend-dev,demo-role,uxc:GetAccountColor,nan,0.376932,,,INTENDED,KEEP,"[""HIGH_FAILURE_RATE"", ""WILDCARD_RESOURCE""]",Permission 'uxc:GetAccountColor' on 'uxc' has a risk score of 0.38. High failure rate detected -- permission may not be needed. Wildcard resource scope increases blast radius. Recommendation: Permission appears justified; no immediate action required.,iam_permission_model_v2_final_20260924,2026-10-02T17:25:20Z
REC-4BD1477B950EB43C,arn:aws:iam::713362557040:user/demo-data-analyst,demo-role,account:GetAccountInformation,nan,0.348602,,,INTENDED,KEEP,"[""HIGH_FAILURE_RATE"", ""WILDCARD_RESOURCE""]",Permission 'account:GetAccountInformation' on 'account' has a risk score of 0.35. High failure rate detected -- permission may not be needed. Wildcard resource scope increases blast radius. Recommendation: Permission appears justified; no immediate action required.,iam_permission_model_v2_final_20260924,2026-10-02T17:25:20Z
REC-889B8207BC796463,arn:aws:iam::713362557040:user/demo-data-analyst,demo-role,ce:GetCostAndUsage,nan,0.353149,,,INTENDED,KEEP,"[""VERY_LOW_USAGE"", ""HIGH_FAILURE_RATE"", ""WILDCARD_RESOURCE""]",Permission 'ce:GetCostAndUsage' on 'ce' has a risk score of 0.35. This permission has been used only 2 time(s). High failure rate detected -- permission may not be needed. Wildcard resource scope increases blast radius. Recommendation: Permission appears justified; no immediate action required.,iam_permission_model_v2_final_20260924,2026-10-02T17:25:20Z
REC-18171D50D80056F6,arn:aws:iam::713362557040:user/demo-data-analyst,demo-role,ce:GetCostForecast,nan,0.588308,,,EXCESSIVE,REVIEW,"[""VERY_LOW_USAGE"", ""HIGH_FAILURE_RATE"", ""WILDCARD_RESOURCE""]",Permission 'ce:GetCostForecast' on 'ce' has a risk score of 0.59. This permission has been used only 1 time(s). High failure rate detected -- permission may not be needed. Wildcard resource scope increases blast radius. Recommendation: Flag for administrator review.,iam_permission_model_v2_final_20260924,2026-10-02T17:25:20Z
REC-F264FFBD68339FF8,arn:aws:iam::713362557040:user/demo-data-analyst,demo-role,cost-optimization-hub:ListEnrollmentStatuses,nan,0.57677,,,EXCESSIVE,REVIEW,"[""VERY_LOW_USAGE"", ""HIGH_FAILURE_RATE"", ""WILDCARD_RESOURCE""]",Permission 'cost-optimization-hub:ListEnrollmentStatuses' on 'cost-optimization-hub' has a risk score of 0.58. This permission has been used only 1 time(s). High failure rate detected -- permission may not be needed. Wildcard resource scope increases blast radius. Recommendation: Flag for administrator review.,iam_permission_model_v2_final_20260924,2026-10-02T17:25:20Z
REC-2C3BD0E0FC3D1A5A,arn:aws:iam::713362557040:user/demo-data-analyst,demo-role,freetier:GetAccountPlanState,nan,0.348602,,,INTENDED,KEEP,"[""HIGH_FAILURE_RATE"", ""WILDCARD_RESOURCE""]",Permission 'freetier:GetAccountPlanState' on 'freetier' has a risk score of 0.35. High failure rate detected -- permission may not be needed. Wildcard resource scope increases blast radius. Recommendation: Permission appears justified; no immediate action required.,iam_permission_model_v2_final_20260924,2026-10-02T17:25:20Z
REC-4A8FE4DF2338A0E1,arn:aws:iam::713362557040:user/demo-data-analyst,demo-role,health:DescribeEventAggregates,nan,0.281443,,,INTENDED,KEEP,"[""HIGH_FAILURE_RATE"", ""WILDCARD_RESOURCE""]",Permission 'health:DescribeEventAggregates' on 'health' has a risk score of 0.28. High failure rate detected -- permission may not be needed. Wildcard resource scope increases blast radius. Recommendation: Permission appears justified; no immediate action required.,iam_permission_model_v2_final_20260924,2026-10-02T17:25:20Z
REC-16AA5B8484C0091A,arn:aws:iam::713362557040:user/demo-data-analyst,demo-role,notifications:ListManagedNotificationEvents,nan,0.374597,,,INTENDED,KEEP,"[""HIGH_FAILURE_RATE"", ""WILDCARD_RESOURCE""]",Permission 'notifications:ListManagedNotificationEvents' on 'notifications' has a risk score of 0.37. High failure rate detected -- permission may not be needed. Wildcard resource scope increases blast radius. Recommendation: Permission appears justified; no immediate action required.,iam_permission_model_v2_final_20260924,2026-10-02T17:25:20Z
REC-1FA1E99DFAF4423D,arn:aws:iam::713362557040:user/demo-data-analyst,demo-role,s3:ListBuckets,nan,0.493721,2.0,LOW,INTENDED,REVIEW,"[""VERY_LOW_USAGE"", ""HIGH_FAILURE_RATE"", ""WILDCARD_RESOURCE""]",Permission 's3:ListBuckets' on 's3' has a risk score of 0.49. This permission has been used only 2 time(s). High failure rate detected -- permission may not be needed. Wildcard resource scope increases blast radius. Recommendation: Flag for administrator review.,iam_permission_model_v2_final_20260924,2026-10-02T17:25:20Z
REC-361A41C9DBACA48A,arn:aws:iam::713362557040:user/demo-data-analyst,demo-role,uxc:GetAccountColor,nan,0.348602,,,INTENDED,KEEP,"[""HIGH_FAILURE_RATE"", ""WILDCARD_RESOURCE""]",Permission 'uxc:GetAccountColor' on 'uxc' has a risk score of 0.35. High failure rate detected -- permission may not be needed. Wildcard resource scope increases blast radius. Recommendation: Permission appears justified; no immediate action required.,iam_permission_model_v2_final_20260924,2026-10-02T17:25:20Z
REC-70AE72EFD9198E28,arn:aws:iam::713362557040:user/demo-developer,demo-role,account:GetAccountInformation,nan,0.209819,,,INTENDED,KEEP,"[""HIGH_FAILURE_RATE"", ""WILDCARD_RESOURCE""]",Permission 'account:GetAccountInformation' on 'account' has a risk score of 0.21. High failure rate detected -- permission may not be needed. Wildcard resource scope increases blast radius. Recommendation: Permission appears justified; no immediate action required.,iam_permission_model_v2_final_20260924,2026-10-02T17:25:20Z
REC-716822BDEF1CF699,arn:aws:iam::713362557040:user/demo-developer,demo-role,cloudtrail:DescribeTrails,nan,0.346565,2.0,LOW,INTENDED,KEEP,"[""VERY_LOW_USAGE"", ""HIGH_FAILURE_RATE"", ""WILDCARD_RESOURCE""]",Permission 'cloudtrail:DescribeTrails' on 'cloudtrail' has a risk score of 0.35. This permission has been used only 2 time(s). High failure rate detected -- permission may not be needed. Wildcard resource scope increases blast radius. Recommendation: Permission appears justified; no immediate action required.,iam_permission_model_v2_final_20260924,2026-10-02T17:25:20Z
REC-5AA70B5D18C68012,arn:aws:iam::713362557040:user/demo-developer,demo-role,cloudtrail:ListEventDataStores,nan,0.560193,2.0,LOW,EXCESSIVE,REVIEW,"[""VERY_LOW_USAGE"", ""HIGH_FAILURE_RATE"", ""WILDCARD_RESOURCE""]",Permission 'cloudtrail:ListEventDataStores' on 'cloudtrail' has a risk score of 0.56. This permission has been used only 1 time(s). High failure rate detected -- permission may not be needed. Wildcard resource scope increases blast radius. Recommendation: Flag for administrator review.,iam_permission_model_v2_final_20260924,2026-10-02T17:25:20Z
REC-4D63F29E33C36338,arn:aws:iam::713362557040:user/demo-developer,demo-role,cloudtrail:ListTrails,nan,0.560193,2.0,LOW,EXCESSIVE,REVIEW,"[""VERY_LOW_USAGE"", ""HIGH_FAILURE_RATE"", ""WILDCARD_RESOURCE""]",Permission 'cloudtrail:ListTrails' on 'cloudtrail' has a risk score of 0.56. This permission has been used only 1 time(s). High failure rate detected -- permission may not be needed. Wildcard resource scope increases blast radius. Recommendation: Flag for administrator review.,iam_permission_model_v2_final_20260924,2026-10-02T17:25:20Z
REC-EE90D33CE8B083D2,arn:aws:iam::713362557040:user/demo-developer,demo-role,cloudtrail:LookupEvents,nan,0.435991,2.0,LOW,INTENDED,REVIEW,"[""HIGH_FAILURE_RATE"", ""WILDCARD_RESOURCE""]",Permission 'cloudtrail:LookupEvents' on 'cloudtrail' has a risk score of 0.44. High failure rate detected -- permission may not be needed. Wildcard resource scope increases blast radius. Recommendation: Flag for administrator review.,iam_permission_model_v2_final_20260924,2026-10-02T17:25:20Z
REC-6999460C060FF1A3,arn:aws:iam::713362557040:user/demo-developer,demo-role,config:DescribeConfigurationRecorderStatus,nan,0.551366,,,EXCESSIVE,REVIEW,"[""VERY_LOW_USAGE"", ""HIGH_FAILURE_RATE"", ""WILDCARD_RESOURCE""]",Permission 'config:DescribeConfigurationRecorderStatus' on 'config' has a risk score of 0.55. This permission has been used only 1 time(s). High failure rate detected -- permission may not be needed. Wildcard resource scope increases blast radius. Recommendation: Flag for administrator review.,iam_permission_model_v2_final_20260924,2026-10-02T17:25:20Z
REC-B7F0CE284A61786A,arn:aws:iam::713362557040:user/demo-developer,demo-role,ec2:DescribeAccountAttributes,nan,0.54464,2.0,LOW,EXCESSIVE,REVIEW,"[""VERY_LOW_USAGE"", ""HIGH_FAILURE_RATE"", ""WILDCARD_RESOURCE""]",Permission 'ec2:DescribeAccountAttributes' on 'ec2' has a risk score of 0.54. This permission has been used only 1 time(s). High failure rate detected -- permission may not be needed. Wildcard resource scope increases blast radius. Recommendation: Flag for administrator review.,iam_permission_model_v2_final_20260924,2026-10-02T17:25:20Z
REC-A194FBB98928A67A,arn:aws:iam::713362557040:user/demo-developer,demo-role,ec2:DescribeInstanceStatus,nan,0.54464,2.0,LOW,EXCESSIVE,REVIEW,"[""VERY_LOW_USAGE"", ""HIGH_FAILURE_RATE"", ""WILDCARD_RESOURCE""]",Permission 'ec2:DescribeInstanceStatus' on 'ec2' has a risk score of 0.54. This permission has been used only 1 time(s). High failure rate detected -- permission may not be needed. Wildcard resource scope increases blast radius. Recommendation: Flag for administrator review.,iam_permission_model_v2_final_20260924,2026-10-02T17:25:20Z
REC-963BF376E3C06FAD,arn:aws:iam::713362557040:user/demo-developer,demo-role,ec2:DescribeInstanceTypes,nan,0.54464,2.0,LOW,EXCESSIVE,REVIEW,"[""VERY_LOW_USAGE"", ""HIGH_FAILURE_RATE"", ""WILDCARD_RESOURCE""]",Permission 'ec2:DescribeInstanceTypes' on 'ec2' has a risk score of 0.54. This permission has been used only 1 time(s). High failure rate detected -- permission may not be needed. Wildcard resource scope increases blast radius. Recommendation: Flag for administrator review.,iam_permission_model_v2_final_20260924,2026-10-02T17:25:20Z
REC-256D76B3D161FFA2,arn:aws:iam::713362557040:user/demo-developer,demo-role,ec2:DescribeInstances,nan,0.348764,2.0,LOW,INTENDED,KEEP,"[""WILDCARD_RESOURCE""]",Permission 'ec2:DescribeInstances' on 'ec2' has a risk score of 0.35. Wildcard resource scope increases blast radius. Recommendation: Permission appears justified; no immediate action required.,iam_permission_model_v2_final_20260924,2026-10-02T17:25:20Z
REC-80FAEDA00594A15C,arn:aws:iam::713362557040:user/demo-developer,demo-role,ec2:DescribeRegions,nan,0.442485,2.0,LOW,INTENDED,REVIEW,"[""HIGH_FAILURE_RATE"", ""WILDCARD_RESOURCE""]",Permission 'ec2:DescribeRegions' on 'ec2' has a risk score of 0.44. High failure rate detected -- permission may not be needed. Wildcard resource scope increases blast radius. Recommendation: Flag for administrator review.,iam_permission_model_v2_final_20260924,2026-10-02T17:25:20Z
REC-7B512A7110C8EC7F,arn:aws:iam::713362557040:user/demo-developer,demo-role,ec2:DescribeTags,nan,0.54464,2.0,LOW,EXCESSIVE,REVIEW,"[""VERY_LOW_USAGE"", ""HIGH_FAILURE_RATE"", ""WILDCARD_RESOURCE""]",Permission 'ec2:DescribeTags' on 'ec2' has a risk score of 0.54. This permission has been used only 1 time(s). High failure rate detected -- permission may not be needed. Wildcard resource scope increases blast radius. Recommendation: Flag for administrator review.,iam_permission_model_v2_final_20260924,2026-10-02T17:25:20Z
REC-A1A5FCA39D201167,arn:aws:iam::713362557040:user/demo-developer,demo-role,ec2:DescribeVolumeStatus,nan,0.54464,2.0,LOW,EXCESSIVE,REVIEW,"[""VERY_LOW_USAGE"", ""HIGH_FAILURE_RATE"", ""WILDCARD_RESOURCE""]",Permission 'ec2:DescribeVolumeStatus' on 'ec2' has a risk score of 0.54. This permission has been used only 1 time(s). High failure rate detected -- permission may not be needed. Wildcard resource scope increases blast radius. Recommendation: Flag for administrator review.,iam_permission_model_v2_final_20260924,2026-10-02T17:25:20Z
REC-C9D2CEEE26AD9690,arn:aws:iam::713362557040:user/demo-developer,demo-role,freetier:GetAccountPlanState,nan,0.118473,,,INTENDED,KEEP,"[""HIGH_FAILURE_RATE"", ""WILDCARD_RESOURCE""]",Permission 'freetier:GetAccountPlanState' on 'freetier' has a risk score of 0.12. High failure rate detected -- permission may not be needed. Wildcard resource scope increases blast radius. Recommendation: Permission appears justified; no immediate action required.,iam_permission_model_v2_final_20260924,2026-10-02T17:25:20Z
REC-74E275FC379E621F,arn:aws:iam::713362557040:user/demo-developer,demo-role,freetier:GetFreeTierUsage,nan,0.588308,,,EXCESSIVE,REVIEW,"[""VERY_LOW_USAGE"", ""HIGH_FAILURE_RATE"", ""WILDCARD_RESOURCE""]",Permission 'freetier:GetFreeTierUsage' on 'freetier' has a risk score of 0.59. This permission has been used only 1 time(s). High failure rate detected -- permission may not be needed. Wildcard resource scope increases blast radius. Recommendation: Flag for administrator review.,iam_permission_model_v2_final_20260924,2026-10-02T17:25:20Z
REC-7A7ACFEF463C0F92,arn:aws:iam::713362557040:user/demo-developer,demo-role,health:DescribeEvents,nan,0.281443,,,INTENDED,KEEP,"[""HIGH_FAILURE_RATE"", ""WILDCARD_RESOURCE""]",Permission 'health:DescribeEvents' on 'health' has a risk score of 0.28. High failure rate detected -- permission may not be needed. Wildcard resource scope increases blast radius. Recommendation: Permission appears justified; no immediate action required.,iam_permission_model_v2_final_20260924,2026-10-02T17:25:20Z
REC-2A7366DA39A4A5B4,arn:aws:iam::713362557040:user/demo-developer,demo-role,iam:GetAccountSummary,nan,0.475686,2.0,LOW,INTENDED,REVIEW,"[""VERY_LOW_USAGE"", ""HIGH_FAILURE_RATE"", ""WILDCARD_RESOURCE""]",Permission 'iam:GetAccountSummary' on 'iam' has a risk score of 0.48. This permission has been used only 2 time(s). High failure rate detected -- permission may not be needed. Wildcard resource scope increases blast radius. Recommendation: Flag for administrator review.,iam_permission_model_v2_final_20260924,2026-10-02T17:25:20Z
REC-461BEC62B11586F2,arn:aws:iam::713362557040:user/demo-developer,demo-role,iam:GetLoginProfile,nan,0.114779,2.0,LOW,INTENDED,KEEP,"[""HIGH_FAILURE_RATE"", ""WILDCARD_RESOURCE""]",Permission 'iam:GetLoginProfile' on 'iam' has a risk score of 0.11. High failure rate detected -- permission may not be needed. Wildcard resource scope increases blast radius. Recommendation: Permission appears justified; no immediate action required.,iam_permission_model_v2_final_20260924,2026-10-02T17:25:20Z
REC-169C285A3872EB7C,arn:aws:iam::713362557040:user/demo-developer,demo-role,iam:GetUser,nan,0.557852,2.0,LOW,EXCESSIVE,REVIEW,"[""VERY_LOW_USAGE"", ""WILDCARD_RESOURCE""]",Permission 'iam:GetUser' on 'iam' has a risk score of 0.56. This permission has been used only 1 time(s). Wildcard resource scope increases blast radius. Recommendation: Flag for administrator review.,iam_permission_model_v2_final_20260924,2026-10-02T17:25:20Z
REC-D4CA498CEE6154FC,arn:aws:iam::713362557040:user/demo-developer,demo-role,iam:ListAccessKeys,nan,0.126886,2.0,LOW,INTENDED,KEEP,"[""HIGH_FAILURE_RATE"", ""WILDCARD_RESOURCE""]",Permission 'iam:ListAccessKeys' on 'iam' has a risk score of 0.13. High failure rate detected -- permission may not be needed. Wildcard resource scope increases blast radius. Recommendation: Permission appears justified; no immediate action required.,iam_permission_model_v2_final_20260924,2026-10-02T17:25:20Z
REC-4FB48820EAD8A782,arn:aws:iam::713362557040:user/demo-developer,demo-role,iam:ListAccountAliases,nan,0.493721,2.0,LOW,INTENDED,REVIEW,"[""VERY_LOW_USAGE"", ""HIGH_FAILURE_RATE"", ""WILDCARD_RESOURCE""]",Permission 'iam:ListAccountAliases' on 'iam' has a risk score of 0.49. This permission has been used only 2 time(s). High failure rate detected -- permission may not be needed. Wildcard resource scope increases blast radius. Recommendation: Flag for administrator review.,iam_permission_model_v2_final_20260924,2026-10-02T17:25:20Z
REC-C4A248BA423881D5,arn:aws:iam::713362557040:user/demo-developer,demo-role,iam:ListGroups,nan,0.560193,2.0,LOW,EXCESSIVE,REVIEW,"[""VERY_LOW_USAGE"", ""HIGH_FAILURE_RATE"", ""WILDCARD_RESOURCE""]",Permission 'iam:ListGroups' on 'iam' has a risk score of 0.56. This permission has been used only 1 time(s). High failure rate detected -- permission may not be needed. Wildcard resource scope increases blast radius. Recommendation: Flag for administrator review.,iam_permission_model_v2_final_20260924,2026-10-02T17:25:20Z
REC-E32BAD3292C362EE,arn:aws:iam::713362557040:user/demo-developer,demo-role,iam:ListGroupsForUser,nan,0.122756,2.0,LOW,INTENDED,KEEP,"[""HIGH_FAILURE_RATE"", ""WILDCARD_RESOURCE""]",Permission 'iam:ListGroupsForUser' on 'iam' has a risk score of 0.12. High failure rate detected -- permission may not be needed. Wildcard resource scope increases blast radius. Recommendation: Permission appears justified; no immediate action required.,iam_permission_model_v2_final_20260924,2026-10-02T17:25:20Z
REC-9CA8DBE86DDDD5F7,arn:aws:iam::713362557040:user/demo-developer,demo-role,iam:ListMFADevices,nan,0.126886,2.0,LOW,INTENDED,KEEP,"[""HIGH_FAILURE_RATE"", ""WILDCARD_RESOURCE""]",Permission 'iam:ListMFADevices' on 'iam' has a risk score of 0.13. High failure rate detected -- permission may not be needed. Wildcard resource scope increases blast radius. Recommendation: Permission appears justified; no immediate action required.,iam_permission_model_v2_final_20260924,2026-10-02T17:25:20Z
REC-1C3E39AD9BDCF1B7,arn:aws:iam::713362557040:user/demo-developer,demo-role,iam:ListOpenIDConnectProviders,nan,0.560193,2.0,LOW,EXCESSIVE,REVIEW,"[""VERY_LOW_USAGE"", ""HIGH_FAILURE_RATE"", ""WILDCARD_RESOURCE""]",Permission 'iam:ListOpenIDConnectProviders' on 'iam' has a risk score of 0.56. This permission has been used only 1 time(s). High failure rate detected -- permission may not be needed. Wildcard resource scope increases blast radius. Recommendation: Flag for administrator review.,iam_permission_model_v2_final_20260924,2026-10-02T17:25:20Z
REC-E2EC79585EAB8111,arn:aws:iam::713362557040:user/demo-developer,demo-role,iam:ListPolicies,nan,0.560193,2.0,LOW,EXCESSIVE,REVIEW,"[""VERY_LOW_USAGE"", ""HIGH_FAILURE_RATE"", ""WILDCARD_RESOURCE""]",Permission 'iam:ListPolicies' on 'iam' has a risk score of 0.56. This permission has been used only 1 time(s). High failure rate detected -- permission may not be needed. Wildcard resource scope increases blast radius. Recommendation: Flag for administrator review.,iam_permission_model_v2_final_20260924,2026-10-02T17:25:20Z
REC-CFB41E8722CE9242,arn:aws:iam::713362557040:user/demo-developer,demo-role,iam:ListRoles,nan,0.536081,2.0,LOW,EXCESSIVE,REVIEW,"[""VERY_LOW_USAGE"", ""WILDCARD_RESOURCE""]",Permission 'iam:ListRoles' on 'iam' has a risk score of 0.54. This permission has been used only 1 time(s). Wildcard resource scope increases blast radius. Recommendation: Flag for administrator review.,iam_permission_model_v2_final_20260924,2026-10-02T17:25:20Z
REC-856D7C8DF115D6D3,arn:aws:iam::713362557040:user/demo-developer,demo-role,iam:ListSAMLProviders,nan,0.560193,2.0,LOW,EXCESSIVE,REVIEW,"[""VERY_LOW_USAGE"", ""HIGH_FAILURE_RATE"", ""WILDCARD_RESOURCE""]",Permission 'iam:ListSAMLProviders' on 'iam' has a risk score of 0.56. This permission has been used only 1 time(s). High failure rate detected -- permission may not be needed. Wildcard resource scope increases blast radius. Recommendation: Flag for administrator review.,iam_permission_model_v2_final_20260924,2026-10-02T17:25:20Z
REC-0A8ADD3B05D4E1F0,arn:aws:iam::713362557040:user/demo-developer,demo-role,iam:ListSSHPublicKeys,nan,0.560193,2.0,LOW,EXCESSIVE,REVIEW,"[""VERY_LOW_USAGE"", ""HIGH_FAILURE_RATE"", ""WILDCARD_RESOURCE""]",Permission 'iam:ListSSHPublicKeys' on 'iam' has a risk score of 0.56. This permission has been used only 1 time(s). High failure rate detected -- permission may not be needed. Wildcard resource scope increases blast radius. Recommendation: Flag for administrator review.,iam_permission_model_v2_final_20260924,2026-10-02T17:25:20Z
REC-7EBDF197FC8B1201,arn:aws:iam::713362557040:user/demo-developer,demo-role,iam:ListServiceSpecificCredentials,nan,0.265306,2.0,LOW,INTENDED,KEEP,"[""HIGH_FAILURE_RATE"", ""WILDCARD_RESOURCE""]",Permission 'iam:ListServiceSpecificCredentials' on 'iam' has a risk score of 0.27. High failure rate detected -- permission may not be needed. Wildcard resource scope increases blast radius. Recommendation: Permission appears justified; no immediate action required.,iam_permission_model_v2_final_20260924,2026-10-02T17:25:20Z
REC-4EE62F8334C4382E,arn:aws:iam::713362557040:user/demo-developer,demo-role,iam:ListSigningCertificates,nan,0.122756,2.0,LOW,INTENDED,KEEP,"[""HIGH_FAILURE_RATE"", ""WILDCARD_RESOURCE""]",Permission 'iam:ListSigningCertificates' on 'iam' has a risk score of 0.12. High failure rate detected -- permission may not be needed. Wildcard resource scope increases blast radius. Recommendation: Permission appears justified; no immediate action required.,iam_permission_model_v2_final_20260924,2026-10-02T17:25:20Z
REC-5EB36067E99D5012,arn:aws:iam::713362557040:user/demo-developer,demo-role,iam:ListUserTags,nan,0.560193,2.0,LOW,EXCESSIVE,REVIEW,"[""VERY_LOW_USAGE"", ""HIGH_FAILURE_RATE"", ""WILDCARD_RESOURCE""]",Permission 'iam:ListUserTags' on 'iam' has a risk score of 0.56. This permission has been used only 1 time(s). High failure rate detected -- permission may not be needed. Wildcard resource scope increases blast radius. Recommendation: Flag for administrator review.,iam_permission_model_v2_final_20260924,2026-10-02T17:25:20Z
REC-7413D64843AD2CD9,arn:aws:iam::713362557040:user/demo-developer,demo-role,iam:ListUsers,nan,0.478055,2.0,LOW,INTENDED,REVIEW,"[""VERY_LOW_USAGE"", ""WILDCARD_RESOURCE""]",Permission 'iam:ListUsers' on 'iam' has a risk score of 0.48. This permission has been used only 2 time(s). Wildcard resource scope increases blast radius. Recommendation: Flag for administrator review.,iam_permission_model_v2_final_20260924,2026-10-02T17:25:20Z
REC-CF90933CE7D67F3A,arn:aws:iam::713362557040:user/demo-developer,demo-role,monitoring:DescribeAlarms,nan,0.551366,,,EXCESSIVE,REVIEW,"[""VERY_LOW_USAGE"", ""HIGH_FAILURE_RATE"", ""WILDCARD_RESOURCE""]",Permission 'monitoring:DescribeAlarms' on 'monitoring' has a risk score of 0.55. This permission has been used only 1 time(s). High failure rate detected -- permission may not be needed. Wildcard resource scope increases blast radius. Recommendation: Flag for administrator review.,iam_permission_model_v2_final_20260924,2026-10-02T17:25:20Z
REC-FED61BDD9A99ACDF,arn:aws:iam::713362557040:user/demo-developer,demo-role,notifications:ListManagedNotificationEvents,nan,0.243496,,,INTENDED,KEEP,"[""HIGH_FAILURE_RATE"", ""WILDCARD_RESOURCE""]",Permission 'notifications:ListManagedNotificationEvents' on 'notifications' has a risk score of 0.24. High failure rate detected -- permission may not be needed. Wildcard resource scope increases blast radius. Recommendation: Permission appears justified; no immediate action required.,iam_permission_model_v2_final_20260924,2026-10-02T17:25:20Z
REC-52BF2D2F4E057BFC,arn:aws:iam::713362557040:user/demo-developer,demo-role,notifications:ListNotificationHubs,nan,0.229105,,,INTENDED,KEEP,"[""HIGH_FAILURE_RATE"", ""WILDCARD_RESOURCE""]",Permission 'notifications:ListNotificationHubs' on 'notifications' has a risk score of 0.23. High failure rate detected -- permission may not be needed. Wildcard resource scope increases blast radius. Recommendation: Permission appears justified; no immediate action required.,iam_permission_model_v2_final_20260924,2026-10-02T17:25:20Z
REC-945ECED0DBFF8396,arn:aws:iam::713362557040:user/demo-developer,demo-role,organizations:DescribeOrganization,nan,0.446129,,,INTENDED,REVIEW,"[""VERY_LOW_USAGE"", ""HIGH_FAILURE_RATE"", ""WILDCARD_RESOURCE""]",Permission 'organizations:DescribeOrganization' on 'organizations' has a risk score of 0.45. This permission has been used only 2 time(s). High failure rate detected -- permission may not be needed. Wildcard resource scope increases blast radius. Recommendation: Flag for administrator review.,iam_permission_model_v2_final_20260924,2026-10-02T17:25:20Z
REC-409F1C3C87BBEC89,arn:aws:iam::713362557040:user/demo-developer,demo-role,organizations:ListDelegatedAdministrators,nan,0.57677,,,EXCESSIVE,REVIEW,"[""VERY_LOW_USAGE"", ""HIGH_FAILURE_RATE"", ""WILDCARD_RESOURCE""]",Permission 'organizations:ListDelegatedAdministrators' on 'organizations' has a risk score of 0.58. This permission has been used only 1 time(s). High failure rate detected -- permission may not be needed. Wildcard resource scope increases blast radius. Recommendation: Flag for administrator review.,iam_permission_model_v2_final_20260924,2026-10-02T17:25:20Z
REC-7D8ED09F440224E5,arn:aws:iam::713362557040:user/demo-developer,demo-role,resource-explorer-2:ListIndexes,nan,0.229105,,,INTENDED,KEEP,"[""HIGH_FAILURE_RATE"", ""WILDCARD_RESOURCE""]",Permission 'resource-explorer-2:ListIndexes' on 'resource-explorer-2' has a risk score of 0.23. High failure rate detected -- permission may not be needed. Wildcard resource scope increases blast radius. Recommendation: Permission appears justified; no immediate action required.,iam_permission_model_v2_final_20260924,2026-10-02T17:25:20Z
REC-E236CCC020CF7237,arn:aws:iam::713362557040:user/demo-developer,demo-role,resource-explorer-2:Search,arn:aws:resource-explorer-2:us-east-1:713362557040:view/us-east-1/1cddc2e5-5eaa-4677-9c82-c6e99f71498f,0.143947,,,INTENDED,KEEP,"[""HIGH_FAILURE_RATE"", ""WILDCARD_RESOURCE""]",Permission 'resource-explorer-2:Search' on 'resource-explorer-2' has a risk score of 0.14. High failure rate detected -- permission may not be needed. Wildcard resource scope increases blast radius. Recommendation: Permission appears justified; no immediate action required.,iam_permission_model_v2_final_20260924,2026-10-02T17:25:20Z
REC-57C90E08F24616CE,arn:aws:iam::713362557040:user/demo-developer,demo-role,s3:ListBuckets,nan,0.399078,2.0,LOW,INTENDED,KEEP,"[""HIGH_FAILURE_RATE"", ""WILDCARD_RESOURCE""]",Permission 's3:ListBuckets' on 's3' has a risk score of 0.40. High failure rate detected -- permission may not be needed. Wildcard resource scope increases blast radius. Recommendation: Permission appears justified; no immediate action required.,iam_permission_model_v2_final_20260924,2026-10-02T17:25:20Z
REC-ABD739C5ABD064E0,arn:aws:iam::713362557040:user/demo-developer,demo-role,signin:ConsoleLogin,nan,0.590886,,,EXCESSIVE,REVIEW,"[""VERY_LOW_USAGE"", ""WILDCARD_RESOURCE""]",Permission 'signin:ConsoleLogin' on 'signin' has a risk score of 0.59. This permission has been used only 1 time(s). Wildcard resource scope increases blast radius. Recommendation: Flag for administrator review.,iam_permission_model_v2_final_20260924,2026-10-02T17:25:20Z
REC-87CA863AF3081062,arn:aws:iam::713362557040:user/demo-developer,demo-role,sso:DescribeRegisteredRegions,nan,0.446129,,,INTENDED,REVIEW,"[""VERY_LOW_USAGE"", ""HIGH_FAILURE_RATE"", ""WILDCARD_RESOURCE""]",Permission 'sso:DescribeRegisteredRegions' on 'sso' has a risk score of 0.45. This permission has been used only 2 time(s). High failure rate detected -- permission may not be needed. Wildcard resource scope increases blast radius. Recommendation: Flag for administrator review.,iam_permission_model_v2_final_20260924,2026-10-02T17:25:20Z
REC-85EEEB993895250E,arn:aws:iam::713362557040:user/demo-developer,demo-role,uxc:GetAccountColor,nan,0.209819,,,INTENDED,KEEP,"[""HIGH_FAILURE_RATE"", ""WILDCARD_RESOURCE""]",Permission 'uxc:GetAccountColor' on 'uxc' has a risk score of 0.21. High failure rate detected -- permission may not be needed. Wildcard resource scope increases blast radius. Recommendation: Permission appears justified; no immediate action required.,iam_permission_model_v2_final_20260924,2026-10-02T17:25:20Z
REC-D6EC7A3075F603E8,arn:aws:iam::713362557040:user/demo-devops,demo-role,access-analyzer:ListAnalyzers,nan,0.57677,,,EXCESSIVE,REVIEW,"[""VERY_LOW_USAGE"", ""HIGH_FAILURE_RATE"", ""WILDCARD_RESOURCE""]",Permission 'access-analyzer:ListAnalyzers' on 'access-analyzer' has a risk score of 0.58. This permission has been used only 1 time(s). High failure rate detected -- permission may not be needed. Wildcard resource scope increases blast radius. Recommendation: Flag for administrator review.,iam_permission_model_v2_final_20260924,2026-10-02T17:25:20Z
REC-EF12E7B926CA4F85,arn:aws:iam::713362557040:user/demo-devops,demo-role,account:GetAccountInformation,nan,0.348602,,,INTENDED,KEEP,"[""HIGH_FAILURE_RATE"", ""WILDCARD_RESOURCE""]",Permission 'account:GetAccountInformation' on 'account' has a risk score of 0.35. High failure rate detected -- permission may not be needed. Wildcard resource scope increases blast radius. Recommendation: Permission appears justified; no immediate action required.,iam_permission_model_v2_final_20260924,2026-10-02T17:25:20Z
REC-38E67E140A4D8BFD,arn:aws:iam::713362557040:user/demo-devops,demo-role,ce:GetCostAndUsage,nan,0.353149,,,INTENDED,KEEP,"[""VERY_LOW_USAGE"", ""HIGH_FAILURE_RATE"", ""WILDCARD_RESOURCE""]",Permission 'ce:GetCostAndUsage' on 'ce' has a risk score of 0.35. This permission has been used only 2 time(s). High failure rate detected -- permission may not be needed. Wildcard resource scope increases blast radius. Recommendation: Permission appears justified; no immediate action required.,iam_permission_model_v2_final_20260924,2026-10-02T17:25:20Z
REC-4641260BEDEA1B41,arn:aws:iam::713362557040:user/demo-devops,demo-role,ce:GetCostForecast,nan,0.588308,,,EXCESSIVE,REVIEW,"[""VERY_LOW_USAGE"", ""HIGH_FAILURE_RATE"", ""WILDCARD_RESOURCE""]",Permission 'ce:GetCostForecast' on 'ce' has a risk score of 0.59. This permission has been used only 1 time(s). High failure rate detected -- permission may not be needed. Wildcard resource scope increases blast radius. Recommendation: Flag for administrator review.,iam_permission_model_v2_final_20260924,2026-10-02T17:25:20Z
REC-FC4AA79744FD2FA6,arn:aws:iam::713362557040:user/demo-devops,demo-role,cognito-identity:ListIdentityPools,nan,0.57677,,,EXCESSIVE,REVIEW,"[""VERY_LOW_USAGE"", ""HIGH_FAILURE_RATE"", ""WILDCARD_RESOURCE""]",Permission 'cognito-identity:ListIdentityPools' on 'cognito-identity' has a risk score of 0.58. This permission has been used only 1 time(s). High failure rate detected -- permission may not be needed. Wildcard resource scope increases blast radius. Recommendation: Flag for administrator review.,iam_permission_model_v2_final_20260924,2026-10-02T17:25:20Z
REC-4BF1373BD657B362,arn:aws:iam::713362557040:user/demo-devops,demo-role,cognito-idp:ListUserPools,nan,0.341318,2.0,LOW,INTENDED,KEEP,"[""VERY_LOW_USAGE"", ""HIGH_FAILURE_RATE"", ""WILDCARD_RESOURCE""]",Permission 'cognito-idp:ListUserPools' on 'cognito-idp' has a risk score of 0.34. This permission has been used only 2 time(s). High failure rate detected -- permission may not be needed. Wildcard resource scope increases blast radius. Recommendation: Permission appears justified; no immediate action required.,iam_permission_model_v2_final_20260924,2026-10-02T17:25:20Z
REC-D804D80AEB8F5481,arn:aws:iam::713362557040:user/demo-devops,demo-role,cost-optimization-hub:ListEnrollmentStatuses,nan,0.57677,,,EXCESSIVE,REVIEW,"[""VERY_LOW_USAGE"", ""HIGH_FAILURE_RATE"", ""WILDCARD_RESOURCE""]",Permission 'cost-optimization-hub:ListEnrollmentStatuses' on 'cost-optimization-hub' has a risk score of 0.58. This permission has been used only 1 time(s). High failure rate detected -- permission may not be needed. Wildcard resource scope increases blast radius. Recommendation: Flag for administrator review.,iam_permission_model_v2_final_20260924,2026-10-02T17:25:20Z
REC-7392517993157343,arn:aws:iam::713362557040:user/demo-devops,demo-role,freetier:GetAccountPlanState,nan,0.209819,,,INTENDED,KEEP,"[""HIGH_FAILURE_RATE"", ""WILDCARD_RESOURCE""]",Permission 'freetier:GetAccountPlanState' on 'freetier' has a risk score of 0.21. High failure rate detected -- permission may not be needed. Wildcard resource scope increases blast radius. Recommendation: Permission appears justified; no immediate action required.,iam_permission_model_v2_final_20260924,2026-10-02T17:25:20Z
REC-6E7C42C50EB79A80,arn:aws:iam::713362557040:user/demo-devops,demo-role,freetier:GetFreeTierUsage,nan,0.588308,,,EXCESSIVE,REVIEW,"[""VERY_LOW_USAGE"", ""HIGH_FAILURE_RATE"", ""WILDCARD_RESOURCE""]",Permission 'freetier:GetFreeTierUsage' on 'freetier' has a risk score of 0.59. This permission has been used only 1 time(s). High failure rate detected -- permission may not be needed. Wildcard resource scope increases blast radius. Recommendation: Flag for administrator review.,iam_permission_model_v2_final_20260924,2026-10-02T17:25:20Z
REC-F8DFFF29C925C2DC,arn:aws:iam::713362557040:user/demo-devops,demo-role,health:DescribeEventAggregates,nan,0.281443,,,INTENDED,KEEP,"[""HIGH_FAILURE_RATE"", ""WILDCARD_RESOURCE""]",Permission 'health:DescribeEventAggregates' on 'health' has a risk score of 0.28. High failure rate detected -- permission may not be needed. Wildcard resource scope increases blast radius. Recommendation: Permission appears justified; no immediate action required.,iam_permission_model_v2_final_20260924,2026-10-02T17:25:20Z
REC-B3C3EFD8DFD64DDB,arn:aws:iam::713362557040:user/demo-devops,demo-role,health:DescribeEvents,nan,0.378164,,,INTENDED,KEEP,"[""HIGH_FAILURE_RATE"", ""WILDCARD_RESOURCE""]",Permission 'health:DescribeEvents' on 'health' has a risk score of 0.38. High failure rate detected -- permission may not be needed. Wildcard resource scope increases blast radius. Recommendation: Permission appears justified; no immediate action required.,iam_permission_model_v2_final_20260924,2026-10-02T17:25:20Z
REC-E3B668AFD772CB70,arn:aws:iam::713362557040:user/demo-devops,demo-role,iam:GetAccountProperties,nan,0.588308,,,EXCESSIVE,REVIEW,"[""VERY_LOW_USAGE"", ""HIGH_FAILURE_RATE"", ""WILDCARD_RESOURCE""]",Permission 'iam:GetAccountProperties' on 'iam' has a risk score of 0.59. This permission has been used only 1 time(s). High failure rate detected -- permission may not be needed. Wildcard resource scope increases blast radius. Recommendation: Flag for administrator review.,iam_permission_model_v2_final_20260924,2026-10-02T17:25:20Z
REC-0B1B4D7ABD4B0C55,arn:aws:iam::713362557040:user/demo-devops,demo-role,iam:GetAccountSummary,nan,0.581715,2.0,LOW,EXCESSIVE,REVIEW,"[""VERY_LOW_USAGE"", ""HIGH_FAILURE_RATE"", ""WILDCARD_RESOURCE""]",Permission 'iam:GetAccountSummary' on 'iam' has a risk score of 0.58. This permission has been used only 1 time(s). High failure rate detected -- permission may not be needed. Wildcard resource scope increases blast radius. Recommendation: Flag for administrator review.,iam_permission_model_v2_final_20260924,2026-10-02T17:25:20Z
REC-9104C7D3E1AE730D,arn:aws:iam::713362557040:user/demo-devops,demo-role,iam:GetRole,nan,0.106373,2.0,LOW,INTENDED,KEEP,"[""WILDCARD_RESOURCE""]",Permission 'iam:GetRole' on 'iam' has a risk score of 0.11. Wildcard resource scope increases blast radius. Recommendation: Permission appears justified; no immediate action required.,iam_permission_model_v2_final_20260924,2026-10-02T17:25:20Z
REC-C9EFD56A5671EF1F,arn:aws:iam::713362557040:user/demo-devops,demo-role,iam:ListAccessKeys,nan,0.560193,2.0,LOW,EXCESSIVE,REVIEW,"[""VERY_LOW_USAGE"", ""HIGH_FAILURE_RATE"", ""WILDCARD_RESOURCE""]",Permission 'iam:ListAccessKeys' on 'iam' has a risk score of 0.56. This permission has been used only 1 time(s). High failure rate detected -- permission may not be needed. Wildcard resource scope increases blast radius. Recommendation: Flag for administrator review.,iam_permission_model_v2_final_20260924,2026-10-02T17:25:20Z
REC-7C986FE199DD5F99,arn:aws:iam::713362557040:user/demo-devops,demo-role,iam:ListAccountAliases,nan,0.560193,2.0,LOW,EXCESSIVE,REVIEW,"[""VERY_LOW_USAGE"", ""HIGH_FAILURE_RATE"", ""WILDCARD_RESOURCE""]",Permission 'iam:ListAccountAliases' on 'iam' has a risk score of 0.56. This permission has been used only 1 time(s). High failure rate detected -- permission may not be needed. Wildcard resource scope increases blast radius. Recommendation: Flag for administrator review.,iam_permission_model_v2_final_20260924,2026-10-02T17:25:20Z
REC-94BC44888504B3BB,arn:aws:iam::713362557040:user/demo-devops,demo-role,iam:ListMFADevices,nan,0.560193,2.0,LOW,EXCESSIVE,REVIEW,"[""VERY_LOW_USAGE"", ""HIGH_FAILURE_RATE"", ""WILDCARD_RESOURCE""]",Permission 'iam:ListMFADevices' on 'iam' has a risk score of 0.56. This permission has been used only 1 time(s). High failure rate detected -- permission may not be needed. Wildcard resource scope increases blast radius. Recommendation: Flag for administrator review.,iam_permission_model_v2_final_20260924,2026-10-02T17:25:20Z
REC-5E7AF6E931F753D9,arn:aws:iam::713362557040:user/demo-devops,demo-role,iam:ListRoles,nan,0.536081,2.0,LOW,EXCESSIVE,REVIEW,"[""VERY_LOW_USAGE"", ""WILDCARD_RESOURCE""]",Permission 'iam:ListRoles' on 'iam' has a risk score of 0.54. This permission has been used only 1 time(s). Wildcard resource scope increases blast radius. Recommendation: Flag for administrator review.,iam_permission_model_v2_final_20260924,2026-10-02T17:25:20Z
REC-5E9FCE00E8B272E4,arn:aws:iam::713362557040:user/demo-devops,demo-role,notifications:ListManagedNotificationEvents,nan,0.374597,,,INTENDED,KEEP,"[""HIGH_FAILURE_RATE"", ""WILDCARD_RESOURCE""]",Permission 'notifications:ListManagedNotificationEvents' on 'notifications' has a risk score of 0.37. High failure rate detected -- permission may not be needed. Wildcard resource scope increases blast radius. Recommendation: Permission appears justified; no immediate action required.,iam_permission_model_v2_final_20260924,2026-10-02T17:25:20Z
REC-4534882D1569C564,arn:aws:iam::713362557040:user/demo-devops,demo-role,notifications:ListNotificationHubs,nan,0.57677,,,EXCESSIVE,REVIEW,"[""VERY_LOW_USAGE"", ""HIGH_FAILURE_RATE"", ""WILDCARD_RESOURCE""]",Permission 'notifications:ListNotificationHubs' on 'notifications' has a risk score of 0.58. This permission has been used only 1 time(s). High failure rate detected -- permission may not be needed. Wildcard resource scope increases blast radius. Recommendation: Flag for administrator review.,iam_permission_model_v2_final_20260924,2026-10-02T17:25:20Z
REC-4DA48F658D3D2B18,arn:aws:iam::713362557040:user/demo-devops,demo-role,sso:DescribeRegisteredRegions,nan,0.551366,,,EXCESSIVE,REVIEW,"[""VERY_LOW_USAGE"", ""HIGH_FAILURE_RATE"", ""WILDCARD_RESOURCE""]",Permission 'sso:DescribeRegisteredRegions' on 'sso' has a risk score of 0.55. This permission has been used only 1 time(s). High failure rate detected -- permission may not be needed. Wildcard resource scope increases blast radius. Recommendation: Flag for administrator review.,iam_permission_model_v2_final_20260924,2026-10-02T17:25:20Z
REC-71395387B6A7F513,arn:aws:iam::713362557040:user/demo-devops,demo-role,uxc:GetAccountColor,nan,0.348602,,,INTENDED,KEEP,"[""HIGH_FAILURE_RATE"", ""WILDCARD_RESOURCE""]",Permission 'uxc:GetAccountColor' on 'uxc' has a risk score of 0.35. High failure rate detected -- permission may not be needed. Wildcard resource scope increases blast radius. Recommendation: Permission appears justified; no immediate action required.,iam_permission_model_v2_final_20260924,2026-10-02T17:25:20Z
